Cluster,Recency,Frequency,Monetary
0,22.0,78.0,16.333333333333332
1,95.0,5.0,17.666666666666668
2,60.5,39.5,16.0
3,6.0,94.0,18.0
4,28.0,72.0,19.0
